{
  "raw/AI-Hardware/Simulator/RISCV_NPU_SoC_SIM/tools/doc_status.py": 1775989583.8756046,
  "README.md": 1775744521.1944735,
  "log.md": 1775746120.4805214,
  "index.md": 1775744521.1943624,
  "llm_wiki.md": 1775567631.1171167,
  "AGENTS.md": 1775746120.4802995,
  "CLAUDE.md": 1775567948.2865098,
  "wiki/schema.md": 1776345726.7704613,
  "wiki/compile-log.md": 1776345726.7847557,
  "wiki/INDEX.md": 1776345749.2618873,
  "wiki/Research/Patent-MCM.md": 1775707530.6743937,
  "wiki/Research/Research-Tooling-Reviews.md": 1775713734.5009942,
  "wiki/Research/AI-Assisted-Research-Workflow.md": 1775707518.7417715,
  "wiki/Research/Paper-Reviews.md": 1775713753.756353,
  "wiki/Misc/SoC-Specification-Negotiation-English.md": 1775706693.6550205,
  "wiki/Misc/Vault-Lint-Checklist.md": 1775744200.9507759,
  "wiki/Misc/Graphify-Post-Update-Review-Template.md": 1775744521.1941664,
  "wiki/AI-Hardware/Simulator-and-Implementation-Tools.md": 1776340766.933103,
  "wiki/AI-Hardware/Project-Helios-Edge-Physical-AI-Custom-SoC-Platform-Strategy.md": 1776340766.934734,
  "wiki/AI-Hardware/Flash-Resident-LLM-and-HBF-for-Edge-Inference.md": 1776340766.9343753,
  "wiki/AI-Hardware/Memory-Hierarchy-in-AI-Accelerators.md": 1776340766.9330218,
  "wiki/AI-Hardware/NPU-Architecture.md": 1776340766.932718,
  "wiki/concepts/trace-first-design.md": 1776132183.608856,
  "wiki/concepts/static-scheduling-determinism.md": 1775990952.867754,
  "wiki/concepts/memory-bandwidth-bottleneck.md": 1775990928.3878853,
  "wiki/concepts/mixed-precision-policy.md": 1776132183.6087162,
  "wiki/concepts/kv-cache-dram-residency.md": 1776132183.608787,
  "wiki/concepts/tile-semantics-contract.md": 1776132183.6086524,
  "wiki/concepts/prefill-decode-duality.md": 1775990978.0303824,
  "wiki/GenAI/LLM-Quantization-and-Compression.md": 1775703538.4257615,
  "wiki/GenAI/OCEAN-Compression-Deep-Dive.md": 1775569948.333675,
  "wiki/GenAI/HW-Friendly-Model-Design.md": 1775569659.0184314,
  "wiki/GenAI/Outlier-Mitigation-Methods-Comparison.md": 1775703538.425549,
  "wiki/topics/patent-mcm.md": 1776340766.931382,
  "wiki/topics/npu-architecture-spec.md": 1776345726.770229,
  "wiki/topics/simulation-validation.md": 1776345726.7703269,
  "wiki/topics/npu-simulator-compiler.md": 1776340766.9309466,
  "wiki/topics/riscv-npu-soc-sim.md": 1776345726.7699964,
  "wiki/topics/hw-friendly-model-design.md": 1776340766.9308417,
  "wiki/topics/npu-timing-memory-model.md": 1776345726.770278,
  "wiki/topics/llm-quantization-compression.md": 1776340766.9306028,
  "wiki/topics/npu-doc-process.md": 1776340766.932471,
  "wiki/topics/operator-coordinate-compression.md": 1776340766.9320798,
  "wiki/topics/trace-visualization.md": 1776340766.932286,
  "wiki/topics/soc-spec-english.md": 1776340766.9316416,
  "wiki/topics/paper-reviews.md": 1776340766.9312768,
  "wiki/topics/npu-architecture.md": 1776340766.913123,
  "graphify-out/GRAPH_REPORT.md": 1776345820.6136868,
  "raw/Research/Paper-Review/PaperBanana AI Research 33a6cc566b0b81f5b652f4c9128db47b.md": 1775533988.0,
  "raw/Research/Paper-Review/STEM Structure and Scalability 33a6cc566b0b8134bba4f04b6ccf5786.md": 1775533970.0,
  "raw/Research/Paper-Review/Dr Zero Concept Summary 33a6cc566b0b81dea270edb325090317.md": 1775533986.0,
  "raw/Research/Paper-Review/PaperDebugger Research Productivity Innovation 33a6cc566b0b81438d17de8e443da8de.md": 1775533972.0,
  "raw/Research/Paper-Review/Chaos Theory and Prediction/Chaos Theory and Prediction (Part 1 of 2) 33a6cc566b0b81b7aeabd969fc648765.md": 1775534018.0,
  "raw/Research/Paper-Review/Chaos Theory and Prediction/Chaos Theory and Prediction (Part 2 of 2) 33a6cc566b0b8185b540df4617ca05a5.md": 1775534018.0,
  "raw/Research/Patent-MCM/Taalas AI Infrastructure Innovation 33a6cc566b0b81378bc9f4ae1054ac16.md": 1775533970.0,
  "raw/Research/Patent-MCM/AI-assisted research workflow (Claude Code + Harne 33a6cc566b0b81ea9827ddba8abd5822.md": 1775533986.0,
  "raw/Research/Patent-MCM/AgentHub and Collaboration Model Change 33a6cc566b0b815ab9faec6381cdfa23.md": 1775533972.0,
  "raw/Research/Patent-MCM/Reasoning in 13M Parameters 33a6cc566b0b816480b1d91f9b8363c9.md": 1775533974.0,
  "raw/Research/Patent-MCM/Multiplierless Design Paper Analysis/Multiplierless Design Paper Analysis (Part 1 of 3) 33a6cc566b0b81028b7bdfa2171ef078.md": 1775533994.0,
  "raw/Research/Patent-MCM/Multiplierless Design Paper Analysis/Multiplierless Design Paper Analysis (Part 3 of 3) 33a6cc566b0b81c9a32eca2323221258.md": 1775533996.0,
  "raw/Research/Patent-MCM/Multiplierless Design Paper Analysis/Multiplierless Design Paper Analysis (Part 2 of 3) 33a6cc566b0b81e1a9a9f08c25a9f5d0.md": 1775533996.0,
  "raw/Research/operator-coordinate-compression/README.md": 1775989583.8757064,
  "raw/Research/operator-coordinate-compression/roadmap.md": 1775989583.8771937,
  "raw/Research/operator-coordinate-compression/experiments/toy_basis_vs_mlp/spec.md": 1775989583.8771198,
  "raw/Research/operator-coordinate-compression/experiments/tinyllama_validation/spec.md": 1775989583.877006,
  "raw/Research/operator-coordinate-compression/docs/research_direction_review.md": 1775989583.8764205,
  "raw/Research/operator-coordinate-compression/docs/overview.md": 1775989583.875879,
  "raw/Research/operator-coordinate-compression/docs/index.md": 1775989583.8758028,
  "raw/Research/operator-coordinate-compression/docs/paper/related_work.md": 1775989583.876086,
  "raw/Research/operator-coordinate-compression/docs/paper/paper_draft.md": 1775989583.8760102,
  "raw/Research/operator-coordinate-compression/docs/theory/turboquant_llm_quantization_architecture.md": 1775989583.8768666,
  "raw/Research/operator-coordinate-compression/docs/theory/operator_view.md": 1775989583.8767002,
  "raw/Research/operator-coordinate-compression/docs/theory/rotation_vs_alignment.md": 1775989583.8767817,
  "raw/Research/operator-coordinate-compression/docs/theory/coordinate_relative_outliers.md": 1775989583.8765414,
  "raw/Research/operator-coordinate-compression/docs/theory/manifold_alignment.md": 1775989583.876623,
  "raw/Research/operator-coordinate-compression/docs/patent/claim_candidates.md": 1775989583.8761783,
  "raw/Research/operator-coordinate-compression/docs/patent/invention_summary.md": 1775989583.876253,
  "raw/Research/operator-coordinate-compression/docs/patent/prior_art_mapping.md": 1775989583.8763285,
  "raw/Misc/SoC Specification Negotiation English/SoC Specification Negotiation English (Part 2 of 2) 33a6cc566b0b811a9636ed54f24fd862.md": 1775533990.0,
  "raw/Misc/SoC Specification Negotiation English/SoC Specification Negotiation English (Part 1 of 2) 33a6cc566b0b8129952df13d553ab241.md": 1775533990.0,
  "raw/AI-Hardware/Architecture/Tesla AI Chip Roadmap 33a6cc566b0b8129a0f3eef1ddc4dfa3.md": 1775533968.0,
  "raw/AI-Hardware/Architecture/Memory Hierarchy in AI 33a6cc566b0b81f4b111e6d0e5d21553.md": 1775533988.0,
  "raw/AI-Hardware/Architecture/TPU Sparse Core Explanation 33a6cc566b0b81f7a2a5f1e85f847ccb.md": 1775533990.0,
  "raw/AI-Hardware/Architecture/Tesla Edge AI Innovation 33a6cc566b0b81c8aa60dc6f39c11a1c.md": 1775533982.0,
  "raw/AI-Hardware/Architecture/Synopsys Platform Architect Introduction 33a6cc566b0b81c78ed7c21c89862ab6.md": 1775533982.0,
  "raw/AI-Hardware/Architecture/Xilinx FINN Overview 33a6cc566b0b81068908d40fc473eaef.md": 1775533966.0,
  "raw/AI-Hardware/Architecture/AMD Versal ACAP Overview 33a6cc566b0b81d6b8d8ca55e7b2ba1d.md": 1775533984.0,
  "raw/AI-Hardware/Architecture/NPU Performance-based AMBA Recommendation 33a6cc566b0b81d1a6f8fd7a1f0b2ffe.md": 1775533984.0,
  "raw/AI-Hardware/Simulator/NPU Supernode Concept 33a6cc566b0b81aca099f1e6a9a8061e.md": 1775533980.0,
  "raw/AI-Hardware/Simulator/MTIA TPU Paper Analysis 33a6cc566b0b816ebdbfedfedbb11fb6.md": 1775533976.0,
  "raw/AI-Hardware/Simulator/Transformer C Implementation Analysis 33a6cc566b0b818585ddf76217de5112.md": 1775533980.0,