{
  "README.md": 1775566965.6436498,
  "log.md": 1775570063.1377673,
  "index.md": 1775569979.4859235,
  "llm_wiki.md": 1775567631.1171167,
  "CLAUDE.md": 1775567948.2865098,
  "wiki/Research/Patent-MCM.md": 1775569703.6706169,
  "wiki/Research/Paper-Reviews.md": 1775569677.79366,
  "wiki/Misc/SoC-Specification-Negotiation-English.md": 1775569712.3059053,
  "wiki/Misc/Vault-Lint-Checklist.md": 1775569960.941283,
  "wiki/AI-Hardware/Simulator-and-Implementation-Tools.md": 1775569610.2706146,
  "wiki/AI-Hardware/Memory-Hierarchy-in-AI-Accelerators.md": 1775569558.3059924,
  "wiki/AI-Hardware/NPU-Architecture.md": 1775569582.6850019,
  "wiki/GenAI/LLM-Quantization-and-Compression.md": 1775569974.916318,
  "wiki/GenAI/OCEAN-Compression-Deep-Dive.md": 1775569948.333675,
  "wiki/GenAI/HW-Friendly-Model-Design.md": 1775569659.0184314,
  "graphify-out/GRAPH_REPORT.md": 1775659605.487152,
  "raw/Research/Paper-Review/PaperBanana AI Research 33a6cc566b0b81f5b652f4c9128db47b.md": 1775533988.0,
  "raw/Research/Paper-Review/STEM Structure and Scalability 33a6cc566b0b8134bba4f04b6ccf5786.md": 1775533970.0,
  "raw/Research/Paper-Review/Dr Zero Concept Summary 33a6cc566b0b81dea270edb325090317.md": 1775533986.0,
  "raw/Research/Paper-Review/PaperDebugger Research Productivity Innovation 33a6cc566b0b81438d17de8e443da8de.md": 1775533972.0,
  "raw/Research/Paper-Review/Chaos Theory and Prediction/Chaos Theory and Prediction (Part 1 of 2) 33a6cc566b0b81b7aeabd969fc648765.md": 1775534018.0,
  "raw/Research/Paper-Review/Chaos Theory and Prediction/Chaos Theory and Prediction (Part 2 of 2) 33a6cc566b0b8185b540df4617ca05a5.md": 1775534018.0,
  "raw/Research/Patent-MCM/Taalas AI Infrastructure Innovation 33a6cc566b0b81378bc9f4ae1054ac16.md": 1775533970.0,
  "raw/Research/Patent-MCM/AI-assisted research workflow (Claude Code + Harne 33a6cc566b0b81ea9827ddba8abd5822.md": 1775533986.0,
  "raw/Research/Patent-MCM/AgentHub and Collaboration Model Change 33a6cc566b0b815ab9faec6381cdfa23.md": 1775533972.0,
  "raw/Research/Patent-MCM/Reasoning in 13M Parameters 33a6cc566b0b816480b1d91f9b8363c9.md": 1775533974.0,
  "raw/Research/Patent-MCM/Multiplierless Design Paper Analysis/Multiplierless Design Paper Analysis (Part 1 of 3) 33a6cc566b0b81028b7bdfa2171ef078.md": 1775533994.0,
  "raw/Research/Patent-MCM/Multiplierless Design Paper Analysis/Multiplierless Design Paper Analysis (Part 3 of 3) 33a6cc566b0b81c9a32eca2323221258.md": 1775533996.0,
  "raw/Research/Patent-MCM/Multiplierless Design Paper Analysis/Multiplierless Design Paper Analysis (Part 2 of 3) 33a6cc566b0b81e1a9a9f08c25a9f5d0.md": 1775533996.0,
  "raw/Misc/SoC Specification Negotiation English/SoC Specification Negotiation English (Part 2 of 2) 33a6cc566b0b811a9636ed54f24fd862.md": 1775533990.0,
  "raw/Misc/SoC Specification Negotiation English/SoC Specification Negotiation English (Part 1 of 2) 33a6cc566b0b8129952df13d553ab241.md": 1775533990.0,
  "raw/AI-Hardware/Architecture/Tesla AI Chip Roadmap 33a6cc566b0b8129a0f3eef1ddc4dfa3.md": 1775533968.0,
  "raw/AI-Hardware/Architecture/Memory Hierarchy in AI 33a6cc566b0b81f4b111e6d0e5d21553.md": 1775533988.0,
  "raw/AI-Hardware/Architecture/TPU Sparse Core Explanation 33a6cc566b0b81f7a2a5f1e85f847ccb.md": 1775533990.0,
  "raw/AI-Hardware/Architecture/Tesla Edge AI Innovation 33a6cc566b0b81c8aa60dc6f39c11a1c.md": 1775533982.0,
  "raw/AI-Hardware/Architecture/Synopsys Platform Architect Introduction 33a6cc566b0b81c78ed7c21c89862ab6.md": 1775533982.0,
  "raw/AI-Hardware/Architecture/Xilinx FINN Overview 33a6cc566b0b81068908d40fc473eaef.md": 1775533966.0,
  "raw/AI-Hardware/Architecture/AMD Versal ACAP Overview 33a6cc566b0b81d6b8d8ca55e7b2ba1d.md": 1775533984.0,
  "raw/AI-Hardware/Architecture/NPU Performance-based AMBA Recommendation 33a6cc566b0b81d1a6f8fd7a1f0b2ffe.md": 1775533984.0,
  "raw/AI-Hardware/Simulator/NPU Supernode Concept 33a6cc566b0b81aca099f1e6a9a8061e.md": 1775533980.0,
  "raw/AI-Hardware/Simulator/MTIA TPU Paper Analysis 33a6cc566b0b816ebdbfedfedbb11fb6.md": 1775533976.0,
  "raw/AI-Hardware/Simulator/Transformer C Implementation Analysis 33a6cc566b0b818585ddf76217de5112.md": 1775533980.0,
  "raw/AI-Hardware/Simulator/coral npu/coral npu (Part 1 2) 33a6cc566b0b813d98cee31bdda3eac4.md": 1775533994.0,
  "raw/AI-Hardware/Simulator/coral npu/coral npu (Part 2 2) 33a6cc566b0b81d8a159d87e7e1b114c.md": 1775533994.0,
  "raw/AI-Hardware/Simulator/HyperAccel LPU Explanation/HyperAccel LPU Explanation (Part 2 of 3) 33a6cc566b0b8184b3e7c80f64b99235.md": 1775534004.0,
  "raw/AI-Hardware/Simulator/HyperAccel LPU Explanation/HyperAccel LPU Explanation (Part 1 of 3) 33a6cc566b0b81349b96fd84f1659f77.md": 1775534004.0,
  "raw/AI-Hardware/Simulator/HyperAccel LPU Explanation/HyperAccel LPU Explanation (Part 3 of 3) 33a6cc566b0b81dbb100c4737c051345.md": 1775534006.0,
  "raw/GenAI/Compression/DC-LLM Paper Summary 33a6cc566b0b810abe58cd3c651ad3ad.md": 1775533966.0,
  "raw/GenAI/Compression/OliVe Paper Summary 33a6cc566b0b81419e7bfc22f35bdf25.md": 1775533972.0,
  "raw/GenAI/Compression/TurboQuant PyTorch Implementation 33a6cc566b0b8163a307f12187edcc91.md": 1775533974.0,
  "raw/GenAI/Compression/LLM Quantization Architecture 33a6cc566b0b8181a2d9e4bd12d3d4c8.md": 1775533978.0,
  "raw/GenAI/Compression/Microscaling vs Mixed-Precision 33a6cc566b0b81798986d497a0b25f67.md": 1775533978.0,
  "raw/GenAI/Compression/TurboQuant Concept Summary/TurboQuant Concept Summary (Part 2 of 2) 33a6cc566b0b81bd9472e15a23617554.md": 1775534008.0,
  "raw/GenAI/Compression/TurboQuant Concept Summary/TurboQuant Concept Summary (Part 1 of 2) 33a6cc566b0b81ebbb8afb6f34807867.md": 1775534006.0,
  "raw/GenAI/Compression/OCEAN-based LLM Compression/OCEAN-based LLM Compression (Part 2 of 9) 33a6cc566b0b81e99238dcafa97547ed.md": 1775534010.0,
  "raw/GenAI/Compression/OCEAN-based LLM Compression/OCEAN-based LLM Compression (Part 3 of 9) 33a6cc566b0b8143b946d2a146d08503.md": 1775534012.0,
  "raw/GenAI/Compression/OCEAN-based LLM Compression/OCEAN-based LLM Compression (Part 5 of 9) 33a6cc566b0b81339ca2c063e67abe20.md": 1775534014.0,
  "raw/GenAI/Compression/OCEAN-based LLM Compression/OCEAN-based LLM Compression (Part 4 of 9) 33a6cc566b0b81d5b11df9b158e134de.md": 1775534012.0,
  "raw/GenAI/Compression/OCEAN-based LLM Compression/OCEAN-based LLM Compression (Part 8 of 9) 33a6cc566b0b814a9495d3ee2214499d.md": 1775534016.0,
  "raw/GenAI/Compression/OCEAN-based LLM Compression/OCEAN-based LLM Compression (Part 9 of 9) 33a6cc566b0b81d89f96cfedd5ba2b85.md": 1775534018.0,
  "raw/GenAI/Compression/OCEAN-based LLM Compression/OCEAN-based LLM Compression (Part 6 of 9) 33a6cc566b0b81c79bcbc45860000c15.md": 1775534014.0,
  "raw/GenAI/Compression/OCEAN-based LLM Compression/OCEAN-based LLM Compression (Part 7 of 9) 33a6cc566b0b81c79b84c74dbb899aa2.md": 1775534014.0,
  "raw/GenAI/Compression/OCEAN-based LLM Compression/OCEAN-based LLM Compression (Part 1 of 9) 33a6cc566b0b813bb973c15abd5d814a.md": 1775534010.0,
  "raw/GenAI/HW-Friendly/MSA and RAG Analysis 33a6cc566b0b81b6b40ec9ead1726cf4.md": 1775533980.0,
  "raw/GenAI/HW-Friendly/Latent Action World Model 33a6cc566b0b816ba286eaff4c35c587.md": 1775533976.0,
  "raw/GenAI/HW-Friendly/KV-cache Optimization Explanation 33a6cc566b0b811890a0df4bc615b114.md": 1775533968.0,
  "raw/GenAI/HW-Friendly/Stronger Normalization-Free Transformers 33a6cc566b0b81648fc4ec9576dc68a0.md": 1775533976.0
}